	eeg.metainfo.channel	eeg.metainfo.description	eeg.metainfo.marker number	eeg.metainfo.position	eeg.metainfo.size	eeg.metainfo.type	eeg.path	video.1.motion.path	video.1.n_frames	video.1.path	video.2.motion.path	video.2.n_frames	video.2.path	video.3.motion.path	video.3.n_frames	video.3.path	video.4.motion.path	video.4.n_frames	video.4.path
0																			
1	[0, 0, 0, 0, 0, 0, 0, 0, 0, 0, 0, 0, 0]	['', 'ControlBox is not connected via USB', 'S 10', 'S 13', 'S128', 'S 10', 'S 12', 'S 10', 'S 13', 'S 10', 'S 14', 'S 10', 'S128']	[1, 2, 3, 4, 5, 6, 7, 8, 9, 10, 11, 12, 13]	['01', '011', '019487', '029007', '032412', '059016', '082254', '0185691', '0196219', '0226228', '0335396', '0425398', '0460746']	[1, 1, 1, 1, 1, 1, 1, 1, 1, 1, 1, 1, 1]	['New Segment', 'Comment', 'Stimulus', 'Stimulus', 'Stimulus', 'Stimulus', 'Stimulus', 'Stimulus', 'Stimulus', 'Stimulus', 'Stimulus', 'Stimulus', 'Stimulus']	/data/p_01888/Databook_cleaning/EEG/coSMIC_all_P1.eeg		21414	/data/p_01888/Databook_cleaning/Video/Pilot_01/coSMIC_all_P01_C1.wmv		21417	/data/p_01888/Databook_cleaning/Video/Pilot_01/coSMIC_all_P01_C2.wmv		21416	/data/p_01888/Databook_cleaning/Video/Pilot_01/coSMIC_all_P01_C3.wmv			
2	[0, 0, 0, 0, 0, 0, 0, 0, 0, 0, 0, 0]	['', 'ControlBox is not connected via USB', 'S128', 'S 10', 'S 13', 'S 10', 'S 11', 'S 10', 'S 13', 'S 10', 'S 12', 'S128']	[1, 2, 3, 4, 5, 6, 7, 8, 9, 10, 11, 12]	['01', '01', '015282', '016436', '023716', '053725', '058839', '0148842', '0154972', '0184973', '0191303', '0263721']	[1, 1, 1, 1, 1, 1, 1, 1, 1, 1, 1, 1]	['New Segment', 'Comment', 'Stimulus', 'Stimulus', 'Stimulus', 'Stimulus', 'Stimulus', 'Stimulus', 'Stimulus', 'Stimulus', 'Stimulus', 'Stimulus']	/data/p_01888/Databook_cleaning/EEG/coSMIC_all_P2.eeg		12421	/data/p_01888/Databook_cleaning/Video/Pilot_02/coSMIC_all_P02_C1.wmv		12421	/data/p_01888/Databook_cleaning/Video/Pilot_02/coSMIC_all_P02_C2.wmv		12421	/data/p_01888/Databook_cleaning/Video/Pilot_02/coSMIC_all_P02_C3.wmv			
3	[0, 0, 0, 0, 0, 0, 0, 0, 0, 0, 0]	['', 'ControlBox is not connected via USB', 'S128', 'S 10', 'S 13', 'S 10', 'S 11', 'S 10', 'S 13', 'S 10', 'S 14']	[1, 2, 3, 4, 5, 6, 7, 8, 9, 10, 11]	['01', '011', '019262', '027796', '029037', '059029', '073072', '0163075', '0177434', '0207443', '0228324']	[1, 1, 1, 1, 1, 1, 1, 1, 1, 1, 1]	['New Segment', 'Comment', 'Stimulus', 'Stimulus', 'Stimulus', 'Stimulus', 'Stimulus', 'Stimulus', 'Stimulus', 'Stimulus', 'Stimulus']	/data/p_01888/Databook_cleaning/EEG/coSMIC_all_P3.eeg		47309	/data/p_01888/Databook_cleaning/Video/Pilot_03/coSMIC_all_P03_C1.wmv		47307	/data/p_01888/Databook_cleaning/Video/Pilot_03/coSMIC_all_P03_C2.wmv		47307	/data/p_01888/Databook_cleaning/Video/Pilot_03/coSMIC_all_P03_C3.wmv			
4	[0, 0, 0, 0, 0, 0, 0, 0, 0, 0, 0, 0, 0, 0, 0, 0]	['', 'ControlBox is not connected via USB', 'S128', 'S 10', 'S 13', 'S 10', 'S 11', 'S 10', 'S 13', 'S 10', 'S 15', 'S 10', 'S 13', 'S 10', 'S 14', 'S128']	[1, 2, 3, 4, 5, 6, 7, 8, 9, 10, 11, 12, 13, 14, 15, 16]	['01', '01', '019961', '053450', '058864', '088873', '097877', '0142878', '0384268', '0414277', '0419224', '0464226', '0592117', '0622110', '0657724', '0714329']	[1, 1, 1, 1, 1, 1, 1, 1, 1, 1, 1, 1, 1, 1, 1, 1]	['New Segment', 'Comment', 'Stimulus', 'Stimulus', 'Stimulus', 'Stimulus', 'Stimulus', 'Stimulus', 'Stimulus', 'Stimulus', 'Stimulus', 'Stimulus', 'Stimulus', 'Stimulus', 'Stimulus', 'Stimulus']	/data/p_01888/Databook_cleaning/EEG/coSMIC_all_P4.eeg		34718	/data/p_01888/Databook_cleaning/Video/Pilot_04/coSMIC_all_P04_C1.wmv		34716	/data/p_01888/Databook_cleaning/Video/Pilot_04/coSMIC_all_P04_C2.wmv		34717	/data/p_01888/Databook_cleaning/Video/Pilot_04/coSMIC_all_P04_C3.wmv			
5	[0, 0, 0, 0, 0, 0, 0, 0, 0, 0, 0, 0, 0, 0, 0]	['', 'ControlBox is not connected via USB', 'S128', 'S 10', 'S 13', 'S 10', 'S 11', 'S 10', 'S 13', 'S 10', 'S 15', 'S 10', 'S 13', 'S 10', 'S 14']	[1, 2, 3, 4, 5, 6, 7, 8, 9, 10, 11, 12, 13, 14, 15]	['01', '01', '017490', '024050', '027598', '057608', '061814', '0121816', '0226394', '0256403', '0261859', '0321860', '0454857', '0484866', '0489914']	[1, 1, 1, 1, 1, 1, 1, 1, 1, 1, 1, 1, 1, 1, 1]	['New Segment', 'Comment', 'Stimulus', 'Stimulus', 'Stimulus', 'Stimulus', 'Stimulus', 'Stimulus', 'Stimulus', 'Stimulus', 'Stimulus', 'Stimulus', 'Stimulus', 'Stimulus', 'Stimulus']	/data/p_01888/Databook_cleaning/EEG/coSMIC_all_P5.eeg		26955	/data/p_01888/Databook_cleaning/Video/Pilot_05/coSMIC_all_P05_C1.wmv		26956	/data/p_01888/Databook_cleaning/Video/Pilot_05/coSMIC_all_P05_C2.wmv		26956	/data/p_01888/Databook_cleaning/Video/Pilot_05/coSMIC_all_P05_C3.wmv			
6	[0, 0, 0, 0, 0, 0, 0, 0, 0, 0, 0, 0, 0, 0, 0, 0]	['', 'ControlBox is not connected via USB', 'S128', 'S 10', 'S 13', 'S 10', 'S 11', 'S 10', 'S 13', 'S 10', 'S 15', 'S 10', 'S 13', 'S 10', 'S 14', 'S128']	[1, 2, 3, 4, 5, 6, 7, 8, 9, 10, 11, 12, 13, 14, 15, 16]	['01', '01', '018122', '020926', '024266', '054276', '089507', '0149509', '0224636', '0254637', '0264040', '0324042', '0364895', '0394896', '0412062', '0476282']	[1, 1, 1, 1, 1, 1, 1, 1, 1, 1, 1, 1, 1, 1, 1, 1]	['New Segment', 'Comment', 'Stimulus', 'Stimulus', 'Stimulus', 'Stimulus', 'Stimulus', 'Stimulus', 'Stimulus', 'Stimulus', 'Stimulus', 'Stimulus', 'Stimulus', 'Stimulus', 'Stimulus', 'Stimulus']	/data/p_01888/Databook_cleaning/EEG/coSMIC_all_P6.eeg		22905	/data/p_01888/Databook_cleaning/Video/Pilot_06/coSMIC_all_P06_C1.wmv		22907	/data/p_01888/Databook_cleaning/Video/Pilot_06/coSMIC_all_P06_C2.wmv		22908	/data/p_01888/Databook_cleaning/Video/Pilot_06/coSMIC_all_P06_C3.wmv			
7									49968	/data/p_01888/Databook_cleaning/Video/Pilot_07/coSMIC_all_P07_C1.wmv		49965	/data/p_01888/Databook_cleaning/Video/Pilot_07/coSMIC_all_P07_C2.wmv		49965	/data/p_01888/Databook_cleaning/Video/Pilot_07/coSMIC_all_P07_C3.wmv			
8									19819	/data/p_01888/Databook_cleaning/Video/Pilot_08/coSMIC_all_P08_C1.wmv		19816	/data/p_01888/Databook_cleaning/Video/Pilot_08/coSMIC_all_P08_C2.wmv		19818	/data/p_01888/Databook_cleaning/Video/Pilot_08/coSMIC_all_P08_C3.wmv			
9									11085	/data/p_01888/Databook_cleaning/Video/Pilot_09/coSMIC_all_P09_C1.wmv		11083	/data/p_01888/Databook_cleaning/Video/Pilot_09/coSMIC_all_P09_C2.wmv		11083	/data/p_01888/Databook_cleaning/Video/Pilot_09/coSMIC_all_P09_C3.wmv		11083	/data/p_01888/Databook_cleaning/Video/Pilot_09/coSMIC_all_P09_C4.wmv
10	[0, 0, 0, 0, 0, 0, 0, 0]	['', 'ControlBox is not connected via USB', 'R128', 'S 10', 'S 13', 'S 10', 'S 11', 'S 10']	[1, 2, 3, 4, 5, 6, 7, 8]	['01', '01', '0732', '03340', '04323', '034332', '036189', '081191']	[1, 1, 1, 1, 1, 1, 1, 1]	['New Segment', 'Comment', 'Response', 'Stimulus', 'Stimulus', 'Stimulus', 'Stimulus', 'Stimulus']	/data/p_01888/Databook_cleaning/EEG/coSMIC_all_P10.eeg		25845	/data/p_01888/Databook_cleaning/Video/Pilot_10/coSMIC_all_P10_C1.wmv		25845	/data/p_01888/Databook_cleaning/Video/Pilot_10/coSMIC_all_P10_C2.wmv						
11	[0, 0, 0, 0, 0, 0, 0, 0]	['', 'ControlBox is not connected via USB', 'R128', 'S 10', 'S 13', 'S 10', 'S 11', 'S 10']	[1, 2, 3, 4, 5, 6, 7, 8]	['01', '01', '0710', '02045', '03036', '033045', '036951', '081953']	[1, 1, 1, 1, 1, 1, 1, 1]	['New Segment', 'Comment', 'Response', 'Stimulus', 'Stimulus', 'Stimulus', 'Stimulus', 'Stimulus']	/data/p_01888/Databook_cleaning/EEG/coSMIC_all_P11.eeg		21345	/data/p_01888/Databook_cleaning/Video/Pilot_11/coSMIC_all_P11_C1.wmv		21345	/data/p_01888/Databook_cleaning/Video/Pilot_11/coSMIC_all_P11_C2.wmv					21344	/data/p_01888/Databook_cleaning/Video/Pilot_11/coSMIC_all_P11_C4.wmv
12	[0, 0, 0, 0, 0, 0, 0]	['', 'ControlBox is not connected via USB', 'R128', 'S 13', 'S 10', 'S 11', 'S 20']	[1, 2, 3, 4, 5, 6, 7]	['01', '01', '036891', '069063', '099058', '0103432', '0148438']	[1, 1, 1, 1, 1, 1, 1]	['New Segment', 'Comment', 'Response', 'Stimulus', 'Stimulus', 'Stimulus', 'Stimulus']	/data/p_01888/Databook_cleaning/EEG/coSMIC_all_P12.eeg		44668	/data/p_01888/Databook_cleaning/Video/Pilot_12/coSMIC_all_P12_C1.wmv		44670	/data/p_01888/Databook_cleaning/Video/Pilot_12/coSMIC_all_P12_C2.wmv		44667	/data/p_01888/Databook_cleaning/Video/Pilot_12/coSMIC_all_P12_C3.wmv		44668	/data/p_01888/Databook_cleaning/Video/Pilot_12/coSMIC_all_P12_C4.wmv
13	[0, 0, 0, 0, 0, 0, 0, 0, 0, 0, 0, 0, 0, 0, 0, 0, 0, 0, 0, 0, 0, 0, 0, 0]	['', 'ControlBox is not connected via USB', 'R128', 'S 10', 'S 13', 'S 10', 'S 11', 'S 40', 'S 41', 'S 40', 'S 42', 'S 40', 'S 41', 'S 40', 'S 43', 'S 40', 'S 41', 'S 40', 'S 45', 'S 40', 'S 41', 'S 40', 'S 46', 'S 40']	[1, 2, 3, 4, 5, 6, 7, 8, 9, 10, 11, 12, 13, 14, 15, 16, 17, 18, 19, 20, 21, 22, 23, 24]	['01', '01', '030047', '042468', '043209', '073213', '075412', '0155444', '0253398', '0263407', '0265084', '0284199', '0290571', '0300571', '0307350', '0322349', '0328510', '0338517', '0345765', '0360764', '0365501', '0375500', '0381759', '0396758']	[1, 1, 1, 1, 1, 1, 1, 1, 1, 1, 1, 1, 1, 1, 1, 1, 1, 1, 1, 1, 1, 1, 1, 1]	['New Segment', 'Comment', 'Response', 'Stimulus', 'Stimulus', 'Stimulus', 'Stimulus', 'Stimulus', 'Stimulus', 'Stimulus', 'Stimulus', 'Stimulus', 'Stimulus', 'Stimulus', 'Stimulus', 'Stimulus', 'Stimulus', 'Stimulus', 'Stimulus', 'Stimulus', 'Stimulus', 'Stimulus', 'Stimulus', 'Stimulus']	/data/p_01888/Databook_cleaning/EEG/coSMIC_all_P13.eeg		30979	/data/p_01888/Databook_cleaning/Video/Pilot_13/coSMIC_all_P13_C1.wmv		30977	/data/p_01888/Databook_cleaning/Video/Pilot_13/coSMIC_all_P13_C2.wmv		30978	/data/p_01888/Databook_cleaning/Video/Pilot_13/coSMIC_all_P13_C3.wmv		30978	/data/p_01888/Databook_cleaning/Video/Pilot_13/coSMIC_all_P13_C4.wmv
14	[0, 0, 0, 0, 0, 0, 0, 0, 0, 0, 0, 0, 0, 0, 0, 0, 0, 0, 0, 0, 0, 0, 0, 0, 0, 0, 0, 0, 0, 0, 0, 0, 0, 0, 0, 0, 0, 0]	['', 'ControlBox is not connected via USB', 'S  2', 'S 13', 'S 10', 'S 11', 'S 40', 'S 41', 'S 40', 'S 42', 'S 40', 'S 41', 'S 40', 'S 43', 'S 40', 'S 41', 'S 40', 'S 45', 'S 40', 'S 41', 'S 40', 'S 46', 'S 40', 'S 41', 'S 40', 'S 48', 'S 40', 'S 41', 'S 40', 'S 49', 'S 10', 'S 13', 'S 10', 'S 15', 'S 10', 'S 13', 'S 10', 'S 14']	[1, 2, 3, 4, 5, 6, 7, 8, 9, 10, 11, 12, 13, 14, 15, 16, 17, 18, 19, 20, 21, 22, 23, 24, 25, 26, 27, 28, 29, 30, 31, 32, 33, 34, 35, 36, 37, 38]	['01', '01', '03025', '03683', '031185', '099466', '0179585', '0231712', '0246718', '0252224', '0272224', '0281647', '0296647', '0304420', '0324420', '0335205', '0350213', '0358374', '0378373', '0387284', '0402283', '0406983', '0426982', '0436374', '0451377', '0457479', '0477479', '0486164', '0501164', '0507695', '0527699', '0653833', '0681335', '0684283', '0734290', '0769697', '0797191', '0799489']	[1, 1, 1, 1, 1, 1, 1, 1, 1, 1, 1, 1, 1, 1, 1, 1, 1, 1, 1, 1, 1, 1, 1, 1, 1, 1, 1, 1, 1, 1, 1, 1, 1, 1, 1, 1, 1, 1]	['New Segment', 'Comment', 'Stimulus', 'Stimulus', 'Stimulus', 'Stimulus', 'Stimulus', 'Stimulus', 'Stimulus', 'Stimulus', 'Stimulus', 'Stimulus', 'Stimulus', 'Stimulus', 'Stimulus', 'Stimulus', 'Stimulus', 'Stimulus', 'Stimulus', 'Stimulus', 'Stimulus', 'Stimulus', 'Stimulus', 'Stimulus', 'Stimulus', 'Stimulus', 'Stimulus', 'Stimulus', 'Stimulus', 'Stimulus', 'Stimulus', 'Stimulus', 'Stimulus', 'Stimulus', 'Stimulus', 'Stimulus', 'Stimulus', 'Stimulus']	/data/p_01888/Databook_cleaning/EEG/coSMIC_all_P14.eeg		42687	/data/p_01888/Databook_cleaning/Video/Pilot_14/coSMIC_all_P14_C1.wmv		42686	/data/p_01888/Databook_cleaning/Video/Pilot_14/coSMIC_all_P14_C2.wmv		42686	/data/p_01888/Databook_cleaning/Video/Pilot_14/coSMIC_all_P14_C3.wmv		42686	/data/p_01888/Databook_cleaning/Video/Pilot_14/coSMIC_all_P14_C4.wmv
15	[0, 0, 0, 0, 0, 0, 0, 0, 0, 0, 0, 0, 0, 0, 0, 0, 0, 0, 0, 0, 0, 0, 0, 0, 0, 0, 0, 0, 0, 0, 0, 0, 0, 0, 0, 0]	['', 'ControlBox is not connected via USB', 'R128', 'S 10', 'S 11', 'S 40', 'S 41', 'S 40', 'S 42', 'S 40', 'S 41', 'S 40', 'S 43', 'S 40', 'S 41', 'S 40', 'S 45', 'S 40', 'S 41', 'S 40', 'S 46', 'S 40', 'S 41', 'S 40', 'S 48', 'S 40', 'S 41', 'S 40', 'S 49', 'S 10', 'S 13', 'S 10', 'S 14', 'S 10', 'S  3', 'R128']	[1, 2, 3, 4, 5, 6, 7, 8, 9, 10, 11, 12, 13, 14, 15, 16, 17, 18, 19, 20, 21, 22, 23, 24, 25, 26, 27, 28, 29, 30, 31, 32, 33, 34, 35, 36]	['01', '01', '0669', '026975', '073126', '0153153', '0224129', '0239145', '0244031', '0264030', '0270083', '0285082', '0291088', '0311088', '0320553', '0335569', '0342070', '0362069', '0371668', '0386667', '0391808', '0411808', '0421006', '0436020', '0440312', '0460312', '0466745', '0481744', '0487440', '0507448', '0777631', '0805133', '0807857', '0857864', '01045802', '01047307']	[1, 1, 1, 1, 1, 1, 1, 1, 1, 1, 1, 1, 1, 1, 1, 1, 1, 1, 1, 1, 1, 1, 1, 1, 1, 1, 1, 1, 1, 1, 1, 1, 1, 1, 1, 1]	['New Segment', 'Comment', 'Response', 'Stimulus', 'Stimulus', 'Stimulus', 'Stimulus', 'Stimulus', 'Stimulus', 'Stimulus', 'Stimulus', 'Stimulus', 'Stimulus', 'Stimulus', 'Stimulus', 'Stimulus', 'Stimulus', 'Stimulus', 'Stimulus', 'Stimulus', 'Stimulus', 'Stimulus', 'Stimulus', 'Stimulus', 'Stimulus', 'Stimulus', 'Stimulus', 'Stimulus', 'Stimulus', 'Stimulus', 'Stimulus', 'Stimulus', 'Stimulus', 'Stimulus', 'Stimulus', 'Response']	/data/p_01888/Databook_cleaning/EEG/coSMIC_all_P15.eeg		52330	/data/p_01888/Databook_cleaning/Video/Pilot_15/coSMIC_all_P15_C1.wmv		52329	/data/p_01888/Databook_cleaning/Video/Pilot_15/coSMIC_all_P15_C2.wmv		52330	/data/p_01888/Databook_cleaning/Video/Pilot_15/coSMIC_all_P15_C3.wmv		52330	/data/p_01888/Databook_cleaning/Video/Pilot_15/coSMIC_all_P15_C4.wmv
16	[0, 0, 0, 0, 0, 0, 0, 0, 0, 0, 0, 0, 0, 0, 0, 0, 0, 0, 0, 0, 0, 0, 0, 0, 0, 0, 0, 0, 0, 0, 0, 0, 0, 0, 0, 0, 0, 0, 0, 0, 0]	['', 'ControlBox is not connected via USB', 'R128', 'S 13', 'S 10', 'S 11', 'S 40', 'S 41', 'S 40', 'S 42', 'S 40', 'S 41', 'S 40', 'S 43', 'S 40', 'S 41', 'S 40', 'S 45', 'S 40', 'S 41', 'S 40', 'S 46', 'S 40', 'S 41', 'S 40', 'S 48', 'S 40', 'S 60', 'S 20', 'S 41', 'S 40', 'S 49', 'S 10', 'S 13', 'S 10', 'S 15', 'S 10', 'S 13', 'S 10', 'S 14', 'R128']	[1, 2, 3, 4, 5, 6, 7, 8, 9, 10, 11, 12, 13, 14, 15, 16, 17, 18, 19, 20, 21, 22, 23, 24, 25, 26, 27, 28, 29, 30, 31, 32, 33, 34, 35, 36, 37, 38, 39, 40, 41]	['01', '01', '04056', '021470', '048975', '054048', '0134184', '0181779', '0196786', '0210805', '0230804', '0234974', '0249974', '0254176', '0274175', '0279405', '0294415', '0299051', '0319050', '0324931', '0339931', '0346123', '0366123', '0370970', '0385980', '0389707', '0409706', '0409716', '0409717', '0415236', '0430236', '0442650', '0462652', '0464826', '0492332', '0798146', '0848150', '01085817', '01113322', '01116496', '01172071']	[1, 1, 1, 1, 1, 1, 1, 1, 1, 1, 1, 1, 1, 1, 1, 1, 1, 1, 1, 1, 1, 1, 1, 1, 1, 1, 1, 1, 1, 1, 1, 1, 1, 1, 1, 1, 1, 1, 1, 1, 1]	['New Segment', 'Comment', 'Response', 'Stimulus', 'Stimulus', 'Stimulus', 'Stimulus', 'Stimulus', 'Stimulus', 'Stimulus', 'Stimulus', 'Stimulus', 'Stimulus', 'Stimulus', 'Stimulus', 'Stimulus', 'Stimulus', 'Stimulus', 'Stimulus', 'Stimulus', 'Stimulus', 'Stimulus', 'Stimulus', 'Stimulus', 'Stimulus', 'Stimulus', 'Stimulus', 'Stimulus', 'Stimulus', 'Stimulus', 'Stimulus', 'Stimulus', 'Stimulus', 'Stimulus', 'Stimulus', 'Stimulus', 'Stimulus', 'Stimulus', 'Stimulus', 'Stimulus', 'Response']	/data/p_01888/Databook_cleaning/EEG/coSMIC_all_P16.eeg	/data/pt_01888/motionData/coSMIC_all_P16_C1.mot	46116860056660	/data/p_01888/Databook_cleaning/Video/Pilot_16/coSMIC_all_P16_C1.wmv	/data/pt_01888/motionData/coSMIC_all_P16_C2.mot	33024	/data/p_01888/Databook_cleaning/Video/Pilot_16/coSMIC_all_P16_C2.wmv	/data/pt_01888/motionData/coSMIC_all_P16_C3.mot	33034	/data/p_01888/Databook_cleaning/Video/Pilot_16/coSMIC_all_P16_C3.wmv	/data/pt_01888/motionData/coSMIC_all_P16_C4.mot	33018	/data/p_01888/Databook_cleaning/Video/Pilot_16/coSMIC_all_P16_C4.wmv
17	[0, 0, 0, 0, 0, 0, 0, 0, 0, 0, 0, 0, 0, 0, 0, 0, 0, 0, 0, 0, 0, 0, 0, 0, 0, 0, 0, 0, 0, 0, 0, 0, 0, 0, 0, 0, 0, 0, 0, 0, 0]	['', 'ControlBox is not connected via USB', 'R128', 'S  2', 'S 13', 'S 10', 'S 11', 'S 40', 'S 41', 'S 40', 'S 43', 'S 40', 'S 41', 'S 40', 'S 42', 'S 40', 'S 41', 'S 40', 'S 46', 'S 40', 'S 41', 'S 40', 'S 45', 'S 40', 'S 41', 'S 40', 'S 49', 'S 40', 'S 41', 'S 40', 'S 48', 'S 10', 'S 13', 'S 10', 'S 14', 'S 10', 'S 13', 'S 10', 'S 15', 'S  4', 'S  3']	[1, 2, 3, 4, 5, 6, 7, 8, 9, 10, 11, 12, 13, 14, 15, 16, 17, 18, 19, 20, 21, 22, 23, 24, 25, 26, 27, 28, 29, 30, 31, 32, 33, 34, 35, 36, 37, 38, 39, 40, 41]	['01', '01', '02126', '09949', '036813', '064318', '066501', '0146638', '0213217', '0228217', '0229880', '0249880', '0254795', '0269795', '0274687', '0294686', '0300046', '0315046', '0318253', '0338253', '0342976', '0357976', '0363516', '0383515', '0388859', '0403873', '0408662', '0428662', '0434489', '0449489', '0455513', '0475522', '0623418', '0650924', '0652939', '0702944', '0770807', '0798312', '0801036', '0829569', '0888127']	[1, 1, 1, 1, 1, 1, 1, 1, 1, 1, 1, 1, 1, 1, 1, 1, 1, 1, 1, 1, 1, 1, 1, 1, 1, 1, 1, 1, 1, 1, 1, 1, 1, 1, 1, 1, 1, 1, 1, 1, 1]	['New Segment', 'Comment', 'Response', 'Stimulus', 'Stimulus', 'Stimulus', 'Stimulus', 'Stimulus', 'Stimulus', 'Stimulus', 'Stimulus', 'Stimulus', 'Stimulus', 'Stimulus', 'Stimulus', 'Stimulus', 'Stimulus', 'Stimulus', 'Stimulus', 'Stimulus', 'Stimulus', 'Stimulus', 'Stimulus', 'Stimulus', 'Stimulus', 'Stimulus', 'Stimulus', 'Stimulus', 'Stimulus', 'Stimulus', 'Stimulus', 'Stimulus', 'Stimulus', 'Stimulus', 'Stimulus', 'Stimulus', 'Stimulus', 'Stimulus', 'Stimulus', 'Stimulus', 'Stimulus']	/data/p_01888/Databook_cleaning/EEG/coSMIC_all_P17.eeg		45963	/data/p_01888/Databook_cleaning/Video/Pilot_17/coSMIC_all_P17_C1.wmv		45963	/data/p_01888/Databook_cleaning/Video/Pilot_17/coSMIC_all_P17_C2.wmv		45964	/data/p_01888/Databook_cleaning/Video/Pilot_17/coSMIC_all_P17_C3.wmv		45964	/data/p_01888/Databook_cleaning/Video/Pilot_17/coSMIC_all_P17_C4.wmv
18	[0, 0, 0, 0, 0, 0, 0, 0, 0, 0, 0, 0, 0, 0, 0, 0, 0, 0, 0, 0, 0, 0, 0, 0, 0, 0, 0, 0, 0, 0, 0, 0, 0, 0]	['', 'ControlBox is not connected via USB', 'R128', 'S 13', 'S 10', 'S 11', 'S  4', 'S  5', 'S 40', 'S 41', 'S 40', 'S 43', 'S 40', 'S 41', 'S 40', 'S 42', 'S 40', 'S 41', 'S 40', 'S 46', 'S 40', 'S 41', 'S 40', 'S 20', 'S 45', 'S 40', 'S 41', 'S 40', 'S 49', 'S 40', 'S 41', 'S 40', 'S 48', 'S 10']	[1, 2, 3, 4, 5, 6, 7, 8, 9, 10, 11, 12, 13, 14, 15, 16, 17, 18, 19, 20, 21, 22, 23, 24, 25, 26, 27, 28, 29, 30, 31, 32, 33, 34]	['01', '01', '0961', '0173455', '0200958', '0206746', '0267286', '0341624', '0361106', '0396086', '0411086', '0416795', '0436795', '0442265', '0457264', '0458380', '0478379', '0485599', '0500616', '0505626', '0525625', '0533222', '0548221', '0548459', '0554624', '0574623', '0581516', '0596525', '0601666', '0621665', '0627743', '0642743', '0648781', '0668787']	[1, 1, 1, 1, 1, 1, 1, 1, 1, 1, 1, 1, 1, 1, 1, 1, 1, 1, 1, 1, 1, 1, 1, 1, 1, 1, 1, 1, 1, 1, 1, 1, 1, 1]	['New Segment', 'Comment', 'Response', 'Stimulus', 'Stimulus', 'Stimulus', 'Stimulus', 'Stimulus', 'Stimulus', 'Stimulus', 'Stimulus', 'Stimulus', 'Stimulus', 'Stimulus', 'Stimulus', 'Stimulus', 'Stimulus', 'Stimulus', 'Stimulus', 'Stimulus', 'Stimulus', 'Stimulus', 'Stimulus', 'Stimulus', 'Stimulus', 'Stimulus', 'Stimulus', 'Stimulus', 'Stimulus', 'Stimulus', 'Stimulus', 'Stimulus', 'Stimulus', 'Stimulus']	/data/p_01888/Databook_cleaning/EEG/coSMIC_all_P18.eeg	/data/pt_01888/motionData/coSMIC_all_P18_C1.mot	68315	/data/p_01888/Databook_cleaning/Video/Pilot_18/coSMIC_all_P18_C1.wmv	/data/pt_01888/motionData/coSMIC_all_P18_C2.mot	68316	/data/p_01888/Databook_cleaning/Video/Pilot_18/coSMIC_all_P18_C2.wmv	/data/pt_01888/motionData/coSMIC_all_P18_C3.mot	68315	/data/p_01888/Databook_cleaning/Video/Pilot_18/coSMIC_all_P18_C3.wmv	/data/pt_01888/motionData/coSMIC_all_P18_C4.mot	68316	/data/p_01888/Databook_cleaning/Video/Pilot_18/coSMIC_all_P18_C4.wmv
19																			
20	[0, 0, 0, 0, 0, 0, 0, 0, 0, 0, 0, 0, 0, 0, 0, 0, 0, 0, 0, 0, 0, 0, 0, 0, 0, 0, 0, 0, 0, 0, 0, 0, 0, 0, 0, 0, 0, 0, 0, 0, 0, 0, 0, 0, 0, 0]	['', 'ControlBox is not connected via USB', 'R128', 'R128', 'R128', 'R128', 'S  2', 'S 13', 'S 10', 'S 11', 'S 40', 'S 41', 'S 40', 'S 42', 'S 40', 'S 20', 'S 41', 'S 40', 'S 43', 'S 40', 'S 41', 'S 40', 'S 45', 'S 40', 'S 41', 'S 40', 'S 20', 'S 46', 'S 40', 'S 41', 'S 40', 'S 48', 'S 40', 'S 20', 'S 41', 'S 40', 'S 49', 'S 10', 'S 13', 'S 10', 'S 15', 'S 10', 'S 13', 'S 10', 'S 14', 'R128']	[1, 2, 3, 4, 5, 6, 7, 8, 9, 10, 11, 12, 13, 14, 15, 16, 17, 18, 19, 20, 21, 22, 23, 24, 25, 26, 27, 28, 29, 30, 31, 32, 33, 34, 35, 36, 37, 38, 39, 40, 41, 42, 43, 44, 45, 46]	['01', '01', '02468', '010532', '012259', '013641', '032656', '036255', '063760', '066459', '0146667', '0209762', '0224789', '0229367', '0249366', '0249682', '0256315', '0271314', '0277157', '0297156', '0302417', '0317429', '0325374', '0345373', '0351184', '0366183', '0366350', '0371912', '0391911', '0396550', '0411561', '0422059', '0442058', '0442177', '0449948', '0464948', '0472162', '0492164', '0715387', '0742893', '0752430', '0802434', '0883667', '0911172', '0915795', '0969192']	[1, 1, 1, 1, 1, 1, 1, 1, 1, 1, 1, 1, 1, 1, 1, 1, 1, 1, 1, 1, 1, 1, 1, 1, 1, 1, 1, 1, 1, 1, 1, 1, 1, 1, 1, 1, 1, 1, 1, 1, 1, 1, 1, 1, 1, 1]	['New Segment', 'Comment', 'Response', 'Response', 'Response', 'Response', 'Stimulus', 'Stimulus', 'Stimulus', 'Stimulus', 'Stimulus', 'Stimulus', 'Stimulus', 'Stimulus', 'Stimulus', 'Stimulus', 'Stimulus', 'Stimulus', 'Stimulus', 'Stimulus', 'Stimulus', 'Stimulus', 'Stimulus', 'Stimulus', 'Stimulus', 'Stimulus', 'Stimulus', 'Stimulus', 'Stimulus', 'Stimulus', 'Stimulus', 'Stimulus', 'Stimulus', 'Stimulus', 'Stimulus', 'Stimulus', 'Stimulus', 'Stimulus', 'Stimulus', 'Stimulus', 'Stimulus', 'Stimulus', 'Stimulus', 'Stimulus', 'Stimulus', 'Response']	/data/p_01888/Databook_cleaning/EEG/coSMIC_all_P20.eeg		68315	/data/p_01888/Databook_cleaning/Video/Pilot_20/coSMIC_all_P20_C1.wmv		68316	/data/p_01888/Databook_cleaning/Video/Pilot_20/coSMIC_all_P20_C2.wmv		68315	/data/p_01888/Databook_cleaning/Video/Pilot_20/coSMIC_all_P20_C3.wmv		68316	/data/p_01888/Databook_cleaning/Video/Pilot_20/coSMIC_all_P20_C4.wmv
21	[0, 0, 0, 0, 0, 0, 0, 0, 0, 0, 0, 0, 0, 0, 0, 0, 0, 0, 0, 0, 0, 0, 0, 0, 0, 0, 0, 0, 0, 0, 0, 0, 0]	['', 'ControlBox is not connected via USB', 'R128', 'S  2', 'S 10', 'S 13', 'S 10', 'S 11', 'S 40', 'S 41', 'S 40', 'S 43', 'S 40', 'S 41', 'S 40', 'S 42', 'S 40', 'S 41', 'S 40', 'S 46', 'S 40', 'S 41', 'S 40', 'S 45', 'S 40', 'S 41', 'S 40', 'S 49', 'S 40', 'S 41', 'S 40', 'S 48', 'S 10']	[1, 2, 3, 4, 5, 6, 7, 8, 9, 10, 11, 12, 13, 14, 15, 16, 17, 18, 19, 20, 21, 22, 23, 24, 25, 26, 27, 28, 29, 30, 31, 32, 33]	['01', '01', '02216', '042310', '042327', '043526', '071023', '073713', '0153744', '0327843', '0342843', '0349755', '0369755', '0375217', '0390217', '0396929', '0416928', '0422424', '0437458', '0442908', '0462908', '0467986', '0482986', '0488467', '0508467', '0513309', '0528317', '0533890', '0553890', '0558671', '0573671', '0579239', '0599244']	[1, 1, 1, 1, 1, 1, 1, 1, 1, 1, 1, 1, 1, 1, 1, 1, 1, 1, 1, 1, 1, 1, 1, 1, 1, 1, 1, 1, 1, 1, 1, 1, 1]	['New Segment', 'Comment', 'Response', 'Stimulus', 'Stimulus', 'Stimulus', 'Stimulus', 'Stimulus', 'Stimulus', 'Stimulus', 'Stimulus', 'Stimulus', 'Stimulus', 'Stimulus', 'Stimulus', 'Stimulus', 'Stimulus', 'Stimulus', 'Stimulus', 'Stimulus', 'Stimulus', 'Stimulus', 'Stimulus', 'Stimulus', 'Stimulus', 'Stimulus', 'Stimulus', 'Stimulus', 'Stimulus', 'Stimulus', 'Stimulus', 'Stimulus', 'Stimulus']	/data/p_01888/Databook_cleaning/EEG/coSMIC_all_P21.eeg		59743	/data/p_01888/Databook_cleaning/Video/Pilot_21/coSMIC_all_P21_C1.wmv		59745	/data/p_01888/Databook_cleaning/Video/Pilot_21/coSMIC_all_P21_C2.wmv		44735	/data/p_01888/Databook_cleaning/Video/Pilot_21/coSMIC_all_P21_C3.wmv		59745	/data/p_01888/Databook_cleaning/Video/Pilot_21/coSMIC_all_P21_C4.wmv
22									49814	/data/p_01888/Databook_cleaning/Video/Pilot_22/coSMIC_all_P22_C1.wmv		49812	/data/p_01888/Databook_cleaning/Video/Pilot_22/coSMIC_all_P22_C2.wmv		49813	/data/p_01888/Databook_cleaning/Video/Pilot_22/coSMIC_all_P22_C3.wmv		49814	/data/p_01888/Databook_cleaning/Video/Pilot_22/coSMIC_all_P22_C4.wmv
23	[0, 0, 0, 0, 0, 0, 0, 0]	['', 'ControlBox is not connected via USB', 'R128', 'S 13', 'S 10', 'S 11', 'S 40', 'R128']	[1, 2, 3, 4, 5, 6, 7, 8]	['01', '01', '02034', '05350', '032853', '035143', '0115311', '0214239']	[1, 1, 1, 1, 1, 1, 1, 1]	['New Segment', 'Comment', 'Response', 'Stimulus', 'Stimulus', 'Stimulus', 'Stimulus', 'Response']	/data/p_01888/Databook_cleaning/EEG/coSMIC_all_P23.eeg		10609	/data/p_01888/Databook_cleaning/Video/Pilot_23/coSMIC_all_P23_C1.wmv		10608	/data/p_01888/Databook_cleaning/Video/Pilot_23/coSMIC_all_P23_C2.wmv		10610	/data/p_01888/Databook_cleaning/Video/Pilot_23/coSMIC_all_P23_C3.wmv		10608	/data/p_01888/Databook_cleaning/Video/Pilot_23/coSMIC_all_P23_C4.wmv
24									226	/data/p_01888/Databook_cleaning/Video/Pilot_24_no data/coSMIC_all_P24_C1.wmv									
25	[0, 0, 0, 0, 0, 0, 0, 0, 0, 0, 0, 0, 0, 0, 0, 0, 0, 0, 0, 0, 0, 0, 0, 0, 0, 0, 0, 0, 0, 0, 0, 0]	['', 'ControlBox is not connected via USB', 'S  2', 'S 13', 'R128', 'S 10', 'S 11', 'S 40', 'S 41', 'S 40', 'S 42', 'S 40', 'S 41', 'S 40', 'S 43', 'S 40', 'S 41', 'S 40', 'S 45', 'S 40', 'S 41', 'S 40', 'S 46', 'S 40', 'S 41', 'S 40', 'S 48', 'S 40', 'S 41', 'S 40', 'S 49', 'S 10']	[1, 2, 3, 4, 5, 6, 7, 8, 9, 10, 11, 12, 13, 14, 15, 16, 17, 18, 19, 20, 21, 22, 23, 24, 25, 26, 27, 28, 29, 30, 31, 32]	['01', '01', '031919', '044572', '045640', '072077', '074501', '0154527', '0424235', '0439235', '0447262', '0467262', '0474985', '0489985', '0498089', '0518088', '0528851', '0543864', '0553681', '0573681', '0585269', '0600269', '0617583', '0637583', '0647479', '0662492', '0672795', '0692794', '0701890', '0716889', '0724961', '0744963']	[1, 1, 1, 1, 1, 1, 1, 1, 1, 1, 1, 1, 1, 1, 1, 1, 1, 1, 1, 1, 1, 1, 1, 1, 1, 1, 1, 1, 1, 1, 1, 1]	['New Segment', 'Comment', 'Stimulus', 'Stimulus', 'Response', 'Stimulus', 'Stimulus', 'Stimulus', 'Stimulus', 'Stimulus', 'Stimulus', 'Stimulus', 'Stimulus', 'Stimulus', 'Stimulus', 'Stimulus', 'Stimulus', 'Stimulus', 'Stimulus', 'Stimulus', 'Stimulus', 'Stimulus', 'Stimulus', 'Stimulus', 'Stimulus', 'Stimulus', 'Stimulus', 'Stimulus', 'Stimulus', 'Stimulus', 'Stimulus', 'Stimulus']	/data/p_01888/Databook_cleaning/EEG/coSMIC_all_P25.eeg		66958	/data/p_01888/Databook_cleaning/Video/Pilot_25/coSMIC_all_P25_C1.wmv		66956	/data/p_01888/Databook_cleaning/Video/Pilot_25/coSMIC_all_P25_C2.wmv	/data/pt_01888/motionData/coSMIC_all_P25_C3.mot	66958	/data/p_01888/Databook_cleaning/Video/Pilot_25/coSMIC_all_P25_C3.wmv	/data/pt_01888/motionData/coSMIC_all_P25_C4.mot	66958	/data/p_01888/Databook_cleaning/Video/Pilot_25/coSMIC_all_P25_C4.wmv
26	[0, 0, 0, 0, 0, 0, 0, 0, 0, 0, 0, 0, 0, 0, 0, 0, 0, 0, 0, 0, 0, 0, 0, 0, 0, 0, 0, 0, 0, 0, 0, 0, 0, 0, 0, 0, 0, 0, 0, 0]	['', 'ControlBox is not connected via USB', 'R128', 'S 10', 'S 11', 'S 40', 'S 41', 'S 40', 'S 43', 'S 40', 'S 41', 'S 40', 'S 42', 'S 40', 'S 41', 'S 40', 'S 46', 'S 40', 'S 41', 'S 40', 'S 45', 'S 40', 'S 41', 'S 40', 'S 49', 'S 40', 'S 41', 'S 40', 'S 48', 'S 10', '', 'ControlBox is not connected via USB', 'S 13', 'S 10', 'S 14', 'S 10', 'S 13', 'S 10', 'S 15', 'R128']	[1, 2, 3, 4, 5, 6, 7, 8, 9, 10, 11, 12, 13, 14, 15, 16, 17, 18, 19, 20, 21, 22, 23, 24, 25, 26, 27, 28, 29, 30, 31, 32, 33, 34, 35, 36, 37, 38, 39, 40]	['01', '01', '0977', '06718', '09758', '089785', '0187915', '0202915', '0208934', '0228933', '0233629', '0248628', '0255617', '0275616', '0281999', '0297021', '0302123', '0322122', '0327818', '0342817', '0347403', '0367403', '0371316', '0386328', '0391227', '0411226', '0415875', '0430875', '0435284', '0455291', '0581901', '0581901', '0590179', '0617681', '0622354', '0672361', '0777272', '0804775', '0811496', '0872933']	[1, 1, 1, 1, 1, 1, 1, 1, 1, 1, 1, 1, 1, 1, 1, 1, 1, 1, 1, 1, 1, 1, 1, 1, 1, 1, 1, 1, 1, 1, 1, 1, 1, 1, 1, 1, 1, 1, 1, 1]	['New Segment', 'Comment', 'Response', 'Stimulus', 'Stimulus', 'Stimulus', 'Stimulus', 'Stimulus', 'Stimulus', 'Stimulus', 'Stimulus', 'Stimulus', 'Stimulus', 'Stimulus', 'Stimulus', 'Stimulus', 'Stimulus', 'Stimulus', 'Stimulus', 'Stimulus', 'Stimulus', 'Stimulus', 'Stimulus', 'Stimulus', 'Stimulus', 'Stimulus', 'Stimulus', 'Stimulus', 'Stimulus', 'Stimulus', 'New Segment', 'Comment', 'Stimulus', 'Stimulus', 'Stimulus', 'Stimulus', 'Stimulus', 'Stimulus', 'Stimulus', 'Response']	/data/p_01888/Databook_cleaning/EEG/coSMIC_all_P26.eeg	/data/pt_01888/motionData/coSMIC_all_P26_C1.mot	45913	/data/p_01888/Databook_cleaning/Video/Pilot_26/coSMIC_all_P26_C1.wmv	/data/pt_01888/motionData/coSMIC_all_P26_C2.mot	55039	/data/p_01888/Databook_cleaning/Video/Pilot_26/coSMIC_all_P26_C2.wmv	/data/pt_01888/motionData/coSMIC_all_P26_C3.mot	55095	/data/p_01888/Databook_cleaning/Video/Pilot_26/coSMIC_all_P26_C3.wmv	/data/pt_01888/motionData/coSMIC_all_P26_C4.mot	55095	/data/p_01888/Databook_cleaning/Video/Pilot_26/coSMIC_all_P26_C4.wmv
27																			
28	[0, 0, 0, 0, 0, 0, 0, 0, 0, 0, 0, 0, 0, 0, 0, 0, 0, 0, 0, 0, 0, 0, 0, 0, 0, 0, 0, 0, 0, 0, 0, 0]	['', 'ControlBox is not connected via USB', 'R128', 'S 13', 'S 10', 'S 11', 'S 40', 'S 41', 'S 40', 'S 43', 'S 40', 'S 41', 'S 40', 'S 42', 'S 40', 'S 41', 'S 40', 'S 46', 'S 40', 'S 41', 'S 40', 'S 45', 'S 40', 'S 41', 'S 40', 'S 49', 'S 40', 'S 41', 'S 40', 'S 48', 'S 10', 'R128']	[1, 2, 3, 4, 5, 6, 7, 8, 9, 10, 11, 12, 13, 14, 15, 16, 17, 18, 19, 20, 21, 22, 23, 24, 25, 26, 27, 28, 29, 30, 31, 32]	['01', '01', '03895', '06893', '034395', '037860', '0117886', '0210568', '0225568', '0234035', '0254034', '0257706', '0272705', '0278625', '0298625', '0304840', '0319840', '0326288', '0346287', '0355539', '0370538', '0375958', '0395958', '0401997', '0417005', '0423165', '0443165', '0448212', '0463211', '0467753', '0487757', '0901052']	[1, 1, 1, 1, 1, 1, 1, 1, 1, 1, 1, 1, 1, 1, 1, 1, 1, 1, 1, 1, 1, 1, 1, 1, 1, 1, 1, 1, 1, 1, 1, 1]	['New Segment', 'Comment', 'Response', 'Stimulus', 'Stimulus', 'Stimulus', 'Stimulus', 'Stimulus', 'Stimulus', 'Stimulus', 'Stimulus', 'Stimulus', 'Stimulus', 'Stimulus', 'Stimulus', 'Stimulus', 'Stimulus', 'Stimulus', 'Stimulus', 'Stimulus', 'Stimulus', 'Stimulus', 'Stimulus', 'Stimulus', 'Stimulus', 'Stimulus', 'Stimulus', 'Stimulus', 'Stimulus', 'Stimulus', 'Stimulus', 'Response']	/data/p_01888/Databook_cleaning/EEG/coSMIC_all_P28.eeg	/data/pt_01888/motionData/coSMIC_all_P28_C1.mot	44855	/data/p_01888/Databook_cleaning/Video/Pilot_28/coSMIC_all_P28_C1.wmv	/data/pt_01888/motionData/coSMIC_all_P28_C2.mot	53773	/data/p_01888/Databook_cleaning/Video/Pilot_28/coSMIC_all_P28_C2.wmv	/data/pt_01888/motionData/coSMIC_all_P28_C3.mot	53825	/data/p_01888/Databook_cleaning/Video/Pilot_28/coSMIC_all_P28_C3.wmv	/data/pt_01888/motionData/coSMIC_all_P28_C4.mot	53827	/data/p_01888/Databook_cleaning/Video/Pilot_28/coSMIC_all_P28_C4.wmv
29	[0, 0, 0, 0, 0, 0, 0, 0, 0, 0, 0, 0, 0, 0, 0, 0, 0, 0, 0, 0, 0, 0, 0, 0, 0, 0, 0, 0, 0, 0, 0, 0, 0, 0, 0, 0, 0, 0, 0, 0]	['', 'ControlBox is not connected via USB', 'R128', 'S  2', 'S 13', 'S 10', 'S 11', 'S 40', 'S 41', 'S 40', 'S 42', 'S 40', 'S 41', 'S 40', 'S 43', 'S 40', 'S 41', 'S 40', 'S 45', 'S 40', 'S 41', 'S 40', 'S 46', 'S 40', 'S 41', 'S 40', 'S 48', 'S 40', 'S 41', 'S 40', 'S 49', 'S 10', 'S 13', 'S 10', 'S 14', 'S 10', 'S 13', 'S 10', 'S 15', 'R128']	[1, 2, 3, 4, 5, 6, 7, 8, 9, 10, 11, 12, 13, 14, 15, 16, 17, 18, 19, 20, 21, 22, 23, 24, 25, 26, 27, 28, 29, 30, 31, 32, 33, 34, 35, 36, 37, 38, 39, 40]	['01', '01', '046390', '067729', '070769', '098275', '0101282', '0181307', '0329694', '0344693', '0352153', '0372152', '0381691', '0396691', '0406811', '0426810', '0434166', '0449166', '0458053', '0478053', '0485896', '0500896', '0519719', '0539719', '0548438', '0563445', '0570422', '0590421', '0594912', '0609912', '0623172', '0643180', '0849985', '0877482', '0880239', '0930243', '01239497', '01267002', '01270417', '01328413']	[1, 1, 1, 1, 1, 1, 1, 1, 1, 1, 1, 1, 1, 1, 1, 1, 1, 1, 1, 1, 1, 1, 1, 1, 1, 1, 1, 1, 1, 1, 1, 1, 1, 1, 1, 1, 1, 1, 1, 1]	['New Segment', 'Comment', 'Response', 'Stimulus', 'Stimulus', 'Stimulus', 'Stimulus', 'Stimulus', 'Stimulus', 'Stimulus', 'Stimulus', 'Stimulus', 'Stimulus', 'Stimulus', 'Stimulus', 'Stimulus', 'Stimulus', 'Stimulus', 'Stimulus', 'Stimulus', 'Stimulus', 'Stimulus', 'Stimulus', 'Stimulus', 'Stimulus', 'Stimulus', 'Stimulus', 'Stimulus', 'Stimulus', 'Stimulus', 'Stimulus', 'Stimulus', 'Stimulus', 'Stimulus', 'Stimulus', 'Stimulus', 'Stimulus', 'Stimulus', 'Stimulus', 'Response']	/data/p_01888/Databook_cleaning/EEG/coSMIC_all_P29.eeg	/data/pt_01888/motionData/coSMIC_all_P29_C1.mot	64100	/data/p_01888/Databook_cleaning/Video/Pilot_29/coSMIC_all_P29_C1.wmv	/data/pt_01888/motionData/coSMIC_all_P29_C2.mot	76845	/data/p_01888/Databook_cleaning/Video/Pilot_29/coSMIC_all_P29_C2.wmv	/data/pt_01888/motionData/coSMIC_all_P29_C3.mot	76921	/data/p_01888/Databook_cleaning/Video/Pilot_29/coSMIC_all_P29_C3.wmv	/data/pt_01888/motionData/coSMIC_all_P29_C4.mot	76921	/data/p_01888/Databook_cleaning/Video/Pilot_29/coSMIC_all_P29_C4.wmv
30	[0, 0, 0, 0, 0, 0, 0, 0, 0, 0, 0, 0, 0, 0, 0, 0, 0, 0, 0, 0, 0, 0, 0, 0, 0, 0, 0, 0, 0, 0, 0, 0, 0, 0, 0, 0, 0, 0, 0, 0, 0, 0]	['', 'ControlBox is not connected via USB', 'R128', 'S  2', 'S  3', 'S  2', 'S 13', 'S 10', 'S 11', 'S 40', 'S 41', 'S 40', 'S 43', 'S 40', 'S 41', 'S 40', 'S 42', 'S 40', 'S 41', 'S 40', 'S 46', 'S 40', 'S 41', 'S 40', 'S 45', 'S 40', 'S 41', 'S  4', 'S  5', 'S 40', 'S 49', 'S  4', 'S  5', 'S 40', 'S 41', 'S 40', 'S 48', 'S 10', 'S 13', 'S 10', 'S 15', 'S 10']	[1, 2, 3, 4, 5, 6, 7, 8, 9, 10, 11, 12, 13, 14, 15, 16, 17, 18, 19, 20, 21, 22, 23, 24, 25, 26, 27, 28, 29, 30, 31, 32, 33, 34, 35, 36, 37, 38, 39, 40, 41, 42]	['01', '01', '01818', '08509', '011617', '032858', '035556', '063062', '068010', '0148141', '0453827', '0468827', '0475898', '0495898', '0504901', '0519901', '0526509', '0546508', '0553760', '0568760', '0579519', '0599519', '0608306', '0623305', '0633233', '0653233', '0657892', '0660024', '0667580', '0680448', '0688980', '0702211', '0816459', '0823227', '0826147', '0841146', '0845451', '0865459', '01006034', '01033539', '01037654', '01087658']	[1, 1, 1, 1, 1, 1, 1, 1, 1, 1, 1, 1, 1, 1, 1, 1, 1, 1, 1, 1, 1, 1, 1, 1, 1, 1, 1, 1, 1, 1, 1, 1, 1, 1, 1, 1, 1, 1, 1, 1, 1, 1]	['New Segment', 'Comment', 'Response', 'Stimulus', 'Stimulus', 'Stimulus', 'Stimulus', 'Stimulus', 'Stimulus', 'Stimulus', 'Stimulus', 'Stimulus', 'Stimulus', 'Stimulus', 'Stimulus', 'Stimulus', 'Stimulus', 'Stimulus', 'Stimulus', 'Stimulus', 'Stimulus', 'Stimulus', 'Stimulus', 'Stimulus', 'Stimulus', 'Stimulus', 'Stimulus', 'Stimulus', 'Stimulus', 'Stimulus', 'Stimulus', 'Stimulus', 'Stimulus', 'Stimulus', 'Stimulus', 'Stimulus', 'Stimulus', 'Stimulus', 'Stimulus', 'Stimulus', 'Stimulus', 'Stimulus']	/data/p_01888/Databook_cleaning/EEG/coSMIC_all_P30.eeg	/data/pt_01888/motionData/coSMIC_all_P30_C1.mot	56080	/data/p_01888/Databook_cleaning/Video/Pilot_30/coSMIC_all_P30_C1.wmv	/data/pt_01888/motionData/coSMIC_all_P30_C2.mot	67230	/data/p_01888/Databook_cleaning/Video/Pilot_30/coSMIC_all_P30_C2.wmv	/data/pt_01888/motionData/coSMIC_all_P30_C3.mot	67295	/data/p_01888/Databook_cleaning/Video/Pilot_30/coSMIC_all_P30_C3.wmv	/data/pt_01888/motionData/coSMIC_all_P30_C4.mot	67297	/data/p_01888/Databook_cleaning/Video/Pilot_30/coSMIC_all_P30_C4.wmv
31	[0, 0, 0, 0, 0, 0, 0, 0, 0, 0, 0, 0, 0, 0, 0, 0, 0, 0, 0, 0, 0, 0, 0, 0, 0, 0, 0, 0, 0, 0, 0, 0, 0, 0, 0, 0, 0, 0, 0, 0, 0, 0, 0, 0, 0]	['', 'ControlBox is not connected via USB', 'R128', '', 'ControlBox is not connected via USB', 'S  2', 'S 13', 'S 10', 'S 11', 'S 40', 'S 41', 'S 40', 'S 42', 'S 40', 'S 41', 'S 40', 'S 43', 'S 40', 'S 41', 'S 40', 'S 45', 'S 40', 'S 41', 'S 40', 'S 46', 'S 40', 'S 41', 'S 40', 'S 48', 'S 40', 'S 41', 'S 40', 'S 49', 'S 10', 'S 13', 'S 10', 'S 14', 'S  4', 'S  5', 'S 10', 'S 13', 'S 10', 'S 15', 'S  4', 'R128']	[1, 2, 3, 4, 5, 6, 7, 8, 9, 10, 11, 12, 13, 14, 15, 16, 17, 18, 19, 20, 21, 22, 23, 24, 25, 26, 27, 28, 29, 30, 31, 32, 33, 34, 35, 36, 37, 38, 39, 40, 41, 42, 43, 44, 45]	['01', '01', '02752', '060351', '060351', '074593', '077783', '0105289', '0107638', '0187664', '0257213', '0272213', '0280068', '0300067', '0306015', '0321014', '0325811', '0345810', '0351345', '0366345', '0374165', '0394164', '0400260', '0415259', '0422783', '0442783', '0448346', '0463346', '0469714', '0489713', '0495697', '0510696', '0517928', '0537933', '0701406', '0728911', '0731185', '0748852', '0950101', '0982438', '01274574', '01302080', '01332700', '01372059', '01377271']	[1, 1, 1, 1, 1, 1, 1, 1, 1, 1, 1, 1, 1, 1, 1, 1, 1, 1, 1, 1, 1, 1, 1, 1, 1, 1, 1, 1, 1, 1, 1, 1, 1, 1, 1, 1, 1, 1, 1, 1, 1, 1, 1, 1, 1]	['New Segment', 'Comment', 'Response', 'New Segment', 'Comment', 'Stimulus', 'Stimulus', 'Stimulus', 'Stimulus', 'Stimulus', 'Stimulus', 'Stimulus', 'Stimulus', 'Stimulus', 'Stimulus', 'Stimulus', 'Stimulus', 'Stimulus', 'Stimulus', 'Stimulus', 'Stimulus', 'Stimulus', 'Stimulus', 'Stimulus', 'Stimulus', 'Stimulus', 'Stimulus', 'Stimulus', 'Stimulus', 'Stimulus', 'Stimulus', 'Stimulus', 'Stimulus', 'Stimulus', 'Stimulus', 'Stimulus', 'Stimulus', 'Stimulus', 'Stimulus', 'Stimulus', 'Stimulus', 'Stimulus', 'Stimulus', 'Stimulus', 'Response']	/data/p_01888/Databook_cleaning/EEG/coSMIC_all_P31.eeg		68959	/data/p_01888/Databook_cleaning/Video/Pilot_31/coSMIC_all_P31_C1.wmv		82670	/data/p_01888/Databook_cleaning/Video/Pilot_31/coSMIC_all_P31_C2.wmv		82752	/data/p_01888/Databook_cleaning/Video/Pilot_31/coSMIC_all_P31_C3.wmv		82752	/data/p_01888/Databook_cleaning/Video/Pilot_31/coSMIC_all_P31_C4.wmv
32																			
33	[0, 0, 0, 0, 0, 0, 0, 0, 0, 0, 0, 0, 0, 0, 0, 0, 0, 0, 0, 0, 0, 0, 0, 0, 0, 0, 0, 0, 0, 0, 0, 0, 0, 0, 0, 0, 0, 0, 0, 0]	['', 'ControlBox is not connected via USB', 'R128', 'S 13', 'S 10', 'S 11', 'S 40', 'S 41', 'S 40', 'S 43', 'S 40', 'S 41', 'S 40', 'S 42', 'S 40', 'S 41', 'S 40', 'S 46', 'S 40', 'S 41', 'S 40', 'S 45', 'S 40', 'S 41', 'S 40', 'S 49', 'S 40', 'S 41', 'S 40', 'S 48', 'S 10', 'S 13', 'S 10', 'S 14', 'S 10', 'S 13', 'S 10', 'S 15', 'S  3', 'R128']	[1, 2, 3, 4, 5, 6, 7, 8, 9, 10, 11, 12, 13, 14, 15, 16, 17, 18, 19, 20, 21, 22, 23, 24, 25, 26, 27, 28, 29, 30, 31, 32, 33, 34, 35, 36, 37, 38, 39, 40]	['01', '01', '01937', '013977', '041479', '044894', '0124920', '0228447', '0243447', '0254670', '0274669', '0282340', '0297340', '0307996', '0327995', '0340151', '0355151', '0364614', '0384614', '0389661', '0404661', '0413341', '0433340', '0441379', '0456379', '0463511', '0483510', '0491118', '0506117', '0515421', '0535428', '0772978', '0800480', '0803154', '0853161', '01032159', '01059661', '01063700', '01084266', '01088371']	[1, 1, 1, 1, 1, 1, 1, 1, 1, 1, 1, 1, 1, 1, 1, 1, 1, 1, 1, 1, 1, 1, 1, 1, 1, 1, 1, 1, 1, 1, 1, 1, 1, 1, 1, 1, 1, 1, 1, 1]	['New Segment', 'Comment', 'Response', 'Stimulus', 'Stimulus', 'Stimulus', 'Stimulus', 'Stimulus', 'Stimulus', 'Stimulus', 'Stimulus', 'Stimulus', 'Stimulus', 'Stimulus', 'Stimulus', 'Stimulus', 'Stimulus', 'Stimulus', 'Stimulus', 'Stimulus', 'Stimulus', 'Stimulus', 'Stimulus', 'Stimulus', 'Stimulus', 'Stimulus', 'Stimulus', 'Stimulus', 'Stimulus', 'Stimulus', 'Stimulus', 'Stimulus', 'Stimulus', 'Stimulus', 'Stimulus', 'Stimulus', 'Stimulus', 'Stimulus', 'Stimulus', 'Response']	/data/p_01888/Databook_cleaning/EEG/coSMIC_all_P33.eeg	/data/pt_01888/motionData/coSMIC_all_P33_C1.mot	54319	/data/p_01888/Databook_cleaning/Video/Pilot_33/coSMIC_all_P33_C1.wmv	/data/pt_01888/motionData/coSMIC_all_P33_C2.mot	54321	/data/p_01888/Databook_cleaning/Video/Pilot_33/coSMIC_all_P33_C2.wmv	/data/pt_01888/motionData/coSMIC_all_P33_C3.mot	54320	/data/p_01888/Databook_cleaning/Video/Pilot_33/coSMIC_all_P33_C3.wmv	/data/pt_01888/motionData/coSMIC_all_P33_C4.mot	54320	/data/p_01888/Databook_cleaning/Video/Pilot_33/coSMIC_all_P33_C4.wmv
34	[0, 0, 0, 0, 0, 0, 0, 0, 0, 0, 0, 0, 0, 0, 0, 0, 0, 0, 0, 0, 0, 0, 0, 0, 0, 0, 0, 0, 0, 0, 0, 0, 0, 0, 0, 0, 0, 0, 0]	['', 'ControlBox is not connected via USB', 'R128', 'S 13', 'S 10', 'S 11', 'S 40', 'S 41', 'S 40', 'S 43', 'S 40', 'S 41', 'S 40', 'S 42', 'S 40', 'S 41', 'S 40', 'S 46', 'S 40', 'S 41', 'S 40', 'S 45', 'S 40', 'S 41', 'S 40', 'S 49', 'S 40', 'S 41', 'S 40', 'S 48', 'S 10', 'S 13', 'S 10', 'S 15', 'S 10', 'S 13', 'S 10', 'S 14', 'R128']	[1, 2, 3, 4, 5, 6, 7, 8, 9, 10, 11, 12, 13, 14, 15, 16, 17, 18, 19, 20, 21, 22, 23, 24, 25, 26, 27, 28, 29, 30, 31, 32, 33, 34, 35, 36, 37, 38, 39]	['01', '011', '04051', '026430', '053935', '062906', '0142933', '0245955', '0260955', '0271510', '0291509', '0299469', '0314468', '0323020', '0343020', '0350835', '0365835', '0373463', '0393462', '0400749', '0415749', '0423525', '0443524', '0453000', '0468000', '0475231', '0495231', '0507710', '0522709', '0530869', '0550877', '0767737', '0795242', '0799973', '0849977', '0933659', '0961164', '0965279', '01001125']	[1, 1, 1, 1, 1, 1, 1, 1, 1, 1, 1, 1, 1, 1, 1, 1, 1, 1, 1, 1, 1, 1, 1, 1, 1, 1, 1, 1, 1, 1, 1, 1, 1, 1, 1, 1, 1, 1, 1]	['New Segment', 'Comment', 'Response', 'Stimulus', 'Stimulus', 'Stimulus', 'Stimulus', 'Stimulus', 'Stimulus', 'Stimulus', 'Stimulus', 'Stimulus', 'Stimulus', 'Stimulus', 'Stimulus', 'Stimulus', 'Stimulus', 'Stimulus', 'Stimulus', 'Stimulus', 'Stimulus', 'Stimulus', 'Stimulus', 'Stimulus', 'Stimulus', 'Stimulus', 'Stimulus', 'Stimulus', 'Stimulus', 'Stimulus', 'Stimulus', 'Stimulus', 'Stimulus', 'Stimulus', 'Stimulus', 'Stimulus', 'Stimulus', 'Stimulus', 'Response']	/data/p_01888/Databook_cleaning/EEG/coSMIC_all_P34.eeg		49852	/data/p_01888/Databook_cleaning/Video/Pilot_34/coSMIC_all_P34_C1.wmv		49851	/data/p_01888/Databook_cleaning/Video/Pilot_34/coSMIC_all_P34_C2.wmv		49851	/data/p_01888/Databook_cleaning/Video/Pilot_34/coSMIC_all_P34_C3.wmv		49851	/data/p_01888/Databook_cleaning/Video/Pilot_34/coSMIC_all_P34_C4.wmv
35																			
36	[0, 0, 0, 0, 0, 0, 0, 0, 0, 0, 0, 0, 0, 0, 0, 0, 0, 0, 0, 0, 0, 0, 0, 0, 0, 0, 0, 0, 0, 0, 0, 0, 0, 0, 0, 0, 0, 0, 0, 0, 0, 0, 0, 0, 0, 0, 0, 0]	['', 'ControlBox is not connected via USB', 'S  2', 'R128', 'S 13', 'S 10', 'S 11', 'S  4', 'S  5', 'S  4', 'S  5', 'S 91', 'S 43', 'S 71', 'S 44', 'S 90', 'S 41', 'S 70', 'S 42', 'S 93', 'S 47', 'S 73', 'S 48', 'S 92', 'S 45', 'S 72', 'S 46', 'S 95', 'S 51', 'S 75', 'S 52', 'S 94', 'S  4', 'S  5', 'S 49', 'S 74', 'S 50', 'S 81', 'S 20', 'S 83', 'S  4', 'S  5', 'S 21', 'S 82', 'S 22', 'S 84', 'S 23', 'R128']	[1, 2, 3, 4, 5, 6, 7, 8, 9, 10, 11, 12, 13, 14, 15, 16, 17, 18, 19, 20, 21, 22, 23, 24, 25, 26, 27, 28, 29, 30, 31, 32, 33, 34, 35, 36, 37, 38, 39, 40, 41, 42, 43, 44, 45, 46, 47, 48]	['01', '01', '0121698', '0129719', '0134992', '0162497', '0175067', '0189193', '0683377', '0691612', '0708988', '0766652', '0867455', '0882455', '0893454', '0913467', '0921657', '0936668', '0995151', '01015151', '01021758', '01036771', '01047157', '01067167', '01074929', '01089944', '01097231', '01117243', '01123642', '01138651', '01151649', '01171657', '01172788', '01230826', '01279015', '01294023', '01296880', '01316889', '01318097', '01345602', '01363034', '01566203', '01566843', '01616847', '01680637', '01708142', '01713256', '01767544']	[1, 1, 1, 1, 1, 1, 1, 1, 1, 1, 1, 1, 1, 1, 1, 1, 1, 1, 1, 1, 1, 1, 1, 1, 1, 1, 1, 1, 1, 1, 1, 1, 1, 1, 1, 1, 1, 1, 1, 1, 1, 1, 1, 1, 1, 1, 1, 1]	['New Segment', 'Comment', 'Stimulus', 'Response', 'Stimulus', 'Stimulus', 'Stimulus', 'Stimulus', 'Stimulus', 'Stimulus', 'Stimulus', 'Stimulus', 'Stimulus', 'Stimulus', 'Stimulus', 'Stimulus', 'Stimulus', 'Stimulus', 'Stimulus', 'Stimulus', 'Stimulus', 'Stimulus', 'Stimulus', 'Stimulus', 'Stimulus', 'Stimulus', 'Stimulus', 'Stimulus', 'Stimulus', 'Stimulus', 'Stimulus', 'Stimulus', 'Stimulus', 'Stimulus', 'Stimulus', 'Stimulus', 'Stimulus', 'Stimulus', 'Stimulus', 'Stimulus', 'Stimulus', 'Stimulus', 'Stimulus', 'Stimulus', 'Stimulus', 'Stimulus', 'Stimulus', 'Response']	/data/p_01888/Databook_cleaning/EEG/coSMIC_all_P36.eeg		81892	/data/p_01888/Databook_cleaning/Video/Pilot_36/coSMIC_all_P36_C1.wmv		81893	/data/p_01888/Databook_cleaning/Video/Pilot_36/coSMIC_all_P36_C2.wmv		81890	/data/p_01888/Databook_cleaning/Video/Pilot_36/coSMIC_all_P36_C3.wmv		81890	/data/p_01888/Databook_cleaning/Video/Pilot_36/coSMIC_all_P36_C4.wmv
37	[0, 0, 0, 0, 0, 0, 0, 0, 0, 0, 0, 0, 0, 0, 0, 0, 0, 0, 0, 0, 0, 0, 0, 0, 0, 0, 0, 0, 0, 0, 0, 0, 0, 0, 0, 0, 0, 0, 0, 0]	['', 'ControlBox is not connected via USB', 'R128', 'R128', 'S 13', 'S 10', 'S 11', 'S 90', 'S 41', 'S 70', 'S 42', 'S 91', 'S 43', 'S 71', 'S 44', 'S 92', 'S 45', 'S 72', 'S 46', 'S 93', 'S 47', 'S 73', 'S 48', 'S 94', 'S 49', 'S 74', 'S 50', 'S 95', 'S 51', 'S 75', 'S 52', 'S 82', 'S 22', 'S 84', 'S 23', 'S 81', 'S 20', 'S 83', 'S 21', 'R128']	[1, 2, 3, 4, 5, 6, 7, 8, 9, 10, 11, 12, 13, 14, 15, 16, 17, 18, 19, 20, 21, 22, 23, 24, 25, 26, 27, 28, 29, 30, 31, 32, 33, 34, 35, 36, 37, 38, 39, 40]	['01', '011', '02139', '011997', '017850', '045355', '048329', '0128355', '0275173', '0290197', '0297742', '0317757', '0325340', '0340340', '0346123', '0366148', '0372642', '0387652', '0395025', '0415035', '0422524', '0437540', '0443714', '0463723', '0473502', '0488528', '0494845', '0514854', '0524527', '0539538', '0545670', '0565679', '0925529', '0953034', '0956999', '01007003', '01118415', '01145912', '01148586', '01215135']	[1, 1, 1, 1, 1, 1, 1, 1, 1, 1, 1, 1, 1, 1, 1, 1, 1, 1, 1, 1, 1, 1, 1, 1, 1, 1, 1, 1, 1, 1, 1, 1, 1, 1, 1, 1, 1, 1, 1, 1]	['New Segment', 'Comment', 'Response', 'Response', 'Stimulus', 'Stimulus', 'Stimulus', 'Stimulus', 'Stimulus', 'Stimulus', 'Stimulus', 'Stimulus', 'Stimulus', 'Stimulus', 'Stimulus', 'Stimulus', 'Stimulus', 'Stimulus', 'Stimulus', 'Stimulus', 'Stimulus', 'Stimulus', 'Stimulus', 'Stimulus', 'Stimulus', 'Stimulus', 'Stimulus', 'Stimulus', 'Stimulus', 'Stimulus', 'Stimulus', 'Stimulus', 'Stimulus', 'Stimulus', 'Stimulus', 'Stimulus', 'Stimulus', 'Stimulus', 'Stimulus', 'Response']	/data/p_01888/Databook_cleaning/EEG/coSMIC_all_P37.eeg		60142	/data/p_01888/Databook_cleaning/Video/Pilot_37/coSMIC_all_P37_C1.wmv		60143	/data/p_01888/Databook_cleaning/Video/Pilot_37/coSMIC_all_P37_C2.wmv		60143	/data/p_01888/Databook_cleaning/Video/Pilot_37/coSMIC_all_P37_C3.wmv		60141	/data/p_01888/Databook_cleaning/Video/Pilot_37/coSMIC_all_P37_C4.wmv
38	[0, 0, 0, 0, 0, 0, 0, 0, 0, 0, 0, 0, 0, 0, 0, 0, 0, 0, 0, 0, 0, 0, 0, 0, 0, 0, 0, 0, 0, 0, 0, 0, 0, 0, 0, 0, 0, 0, 0, 0, 0, 0, 0, 0, 0, 0, 0]	['', 'ControlBox is not connected via USB', 'R128', 'S  2', 'S 80', 'S 13', 'S 10', 'S 11', 'S 90', 'S 41', 'S 70', 'S 42', 'S 91', 'S 43', 'S 71', 'S 44', 'S 92', 'S 45', 'S 72', 'S  4', 'S  5', 'S  4', 'S  5', 'S 46', 'S 93', 'S 47', 'S 73', 'S 48', 'S 94', 'S 49', 'S 74', 'S 50', 'S 95', 'S 51', 'S 75', 'S 52', 'S 81', 'S 20', 'S 83', 'S 21', 'S  4', 'S  5', 'S 82', 'S 22', 'S 84', 'S 23', 'R128']	[1, 2, 3, 4, 5, 6, 7, 8, 9, 10, 11, 12, 13, 14, 15, 16, 17, 18, 19, 20, 21, 22, 23, 24, 25, 26, 27, 28, 29, 30, 31, 32, 33, 34, 35, 36, 37, 38, 39, 40, 41, 42, 43, 44, 45, 46, 47]	['01', '01', '02215', '017036', '017052', '018827', '046332', '050305', '0130354', '0240424', '0255424', '0264183', '0284189', '0290163', '0305163', '0314042', '0334042', '0340813', '0355826', '0376651', '0464976', '0469836', '0472876', '0473461', '0493460', '0497272', '0512285', '0518951', '0538951', '0541649', '0556669', '0560706', '0580706', '0585081', '0600091', '0606584', '0626589', '0683973', '0711479', '0715527', '0718744', '0729992', '0776776', '0951495', '0979000', '0987688', '01051487']	[1, 1, 1, 1, 1, 1, 1, 1, 1, 1, 1, 1, 1, 1, 1, 1, 1, 1, 1, 1, 1, 1, 1, 1, 1, 1, 1, 1, 1, 1, 1, 1, 1, 1, 1, 1, 1, 1, 1, 1, 1, 1, 1, 1, 1, 1, 1]	['New Segment', 'Comment', 'Response', 'Stimulus', 'Stimulus', 'Stimulus', 'Stimulus', 'Stimulus', 'Stimulus', 'Stimulus', 'Stimulus', 'Stimulus', 'Stimulus', 'Stimulus', 'Stimulus', 'Stimulus', 'Stimulus', 'Stimulus', 'Stimulus', 'Stimulus', 'Stimulus', 'Stimulus', 'Stimulus', 'Stimulus', 'Stimulus', 'Stimulus', 'Stimulus', 'Stimulus', 'Stimulus', 'Stimulus', 'Stimulus', 'Stimulus', 'Stimulus', 'Stimulus', 'Stimulus', 'Stimulus', 'Stimulus', 'Stimulus', 'Stimulus', 'Stimulus', 'Stimulus', 'Stimulus', 'Stimulus', 'Stimulus', 'Stimulus', 'Stimulus', 'Response']	/data/p_01888/Databook_cleaning/EEG/coSMIC_all_P38.eeg		52463	/data/p_01888/Databook_cleaning/Video/Pilot_38/coSMIC_all_P38_C1.wmv		52462	/data/p_01888/Databook_cleaning/Video/Pilot_38/coSMIC_all_P38_C2.wmv		52465	/data/p_01888/Databook_cleaning/Video/Pilot_38/coSMIC_all_P38_C3.wmv		52461	/data/p_01888/Databook_cleaning/Video/Pilot_38/coSMIC_all_P38_C4.wmv
39	[0, 0, 0, 0, 0, 0, 0, 0, 0, 0, 0, 0, 0, 0, 0, 0, 0, 0, 0, 0, 0, 0, 0, 0, 0, 0, 0, 0, 0, 0, 0, 0, 0, 0, 0, 0, 0, 0, 0, 0, 0, 0, 0, 0]	['', 'ControlBox is not connected via USB', 'R128', 'S  2', 'S 13', 'S 10', 'S 11', 'S 91', 'S 43', 'S 71', 'S 44', 'S 90', 'S 41', 'S 70', 'S 42', 'S 93', 'S 47', 'S 73', 'S 48', 'S 92', 'S 45', 'S 72', 'S 46', 'S 95', 'S 51', 'S 75', 'S 52', 'S 94', 'S 49', 'S 74', 'S 50', 'S 82', 'S 22', 'S 84', 'S 23', 'S 81', 'S 20', 'S  4', 'S  5', 'S 83', 'S 21', 'S  4', 'S  3', 'R128']	[1, 2, 3, 4, 5, 6, 7, 8, 9, 10, 11, 12, 13, 14, 15, 16, 17, 18, 19, 20, 21, 22, 23, 24, 25, 26, 27, 28, 29, 30, 31, 32, 33, 34, 35, 36, 37, 38, 39, 40, 41, 42, 43, 44]	['01', '01', '01902', '017611', '020693', '048198', '050331', '0130443', '0301690', '0316698', '0323358', '0343358', '0349131', '0364131', '0371495', '0391503', '0399203', '0414213', '0420883', '0440900', '0447008', '0462018', '0469518', '0489526', '0494450', '0509458', '0523506', '0543518', '0548147', '0563155', '0572327', '0592329', '0872904', '0900409', '0909613', '0959617', '01080517', '01085767', '01086827', '01109080', '01110779', '01118382', '01119950', '01125017']	[1, 1, 1, 1, 1, 1, 1, 1, 1, 1, 1, 1, 1, 1, 1, 1, 1, 1, 1, 1, 1, 1, 1, 1, 1, 1, 1, 1, 1, 1, 1, 1, 1, 1, 1, 1, 1, 1, 1, 1, 1, 1, 1, 1]	['New Segment', 'Comment', 'Response', 'Stimulus', 'Stimulus', 'Stimulus', 'Stimulus', 'Stimulus', 'Stimulus', 'Stimulus', 'Stimulus', 'Stimulus', 'Stimulus', 'Stimulus', 'Stimulus', 'Stimulus', 'Stimulus', 'Stimulus', 'Stimulus', 'Stimulus', 'Stimulus', 'Stimulus', 'Stimulus', 'Stimulus', 'Stimulus', 'Stimulus', 'Stimulus', 'Stimulus', 'Stimulus', 'Stimulus', 'Stimulus', 'Stimulus', 'Stimulus', 'Stimulus', 'Stimulus', 'Stimulus', 'Stimulus', 'Stimulus', 'Stimulus', 'Stimulus', 'Stimulus', 'Stimulus', 'Stimulus', 'Response']	/data/p_01888/Databook_cleaning/EEG/coSMIC_all_P39.eeg		56155	/data/p_01888/Databook_cleaning/Video/Pilot_39/coSMIC_all_P39_C1.wmv		56155	/data/p_01888/Databook_cleaning/Video/Pilot_39/coSMIC_all_P39_C2.wmv		56155	/data/p_01888/Databook_cleaning/Video/Pilot_39/coSMIC_all_P39_C3.wmv		56155	/data/p_01888/Databook_cleaning/Video/Pilot_39/coSMIC_all_P39_C4.wmv
40	[0, 0, 0, 0, 0, 0, 0, 0, 0, 0, 0, 0, 0, 0, 0, 0, 0, 0, 0, 0, 0, 0, 0, 0, 0, 0, 0, 0, 0, 0, 0, 0, 0, 0, 0, 0]	['', 'ControlBox is not connected via USB', 'R128', 'S  2', 'S 13', 'S 10', 'S 11', 'S  4', 'S  5', 'S 90', 'S 41', 'S 70', 'S 42', 'S 91', 'S 43', 'S 71', 'S 44', 'S  4', 'S  5', 'S 92', 'S 45', 'S 72', 'S 46', 'S 93', 'S 47', 'S 73', 'S 48', 'S 94', 'S 49', 'S 74', 'S 50', 'S 95', 'S 51', 'S 75', 'S 52', 'S 82']	[1, 2, 3, 4, 5, 6, 7, 8, 9, 10, 11, 12, 13, 14, 15, 16, 17, 18, 19, 20, 21, 22, 23, 24, 25, 26, 27, 28, 29, 30, 31, 32, 33, 34, 35, 36]	['01', '01', '01620', '08773', '011322', '038827', '041917', '064612', '070864', '0128193', '0295413', '0310413', '0315636', '0335636', '0340123', '0355123', '0362631', '0372766', '0495254', '0505119', '0510218', '0525218', '0565896', '0585896', '0586415', '0601415', '0610923', '0630922', '0645241', '0660241', '0660997', '0680997', '0681408', '0696408', '0697528', '0717535']	[1, 1, 1, 1, 1, 1, 1, 1, 1, 1, 1, 1, 1, 1, 1, 1, 1, 1, 1, 1, 1, 1, 1, 1, 1, 1, 1, 1, 1, 1, 1, 1, 1, 1, 1, 1]	['New Segment', 'Comment', 'Response', 'Stimulus', 'Stimulus', 'Stimulus', 'Stimulus', 'Stimulus', 'Stimulus', 'Stimulus', 'Stimulus', 'Stimulus', 'Stimulus', 'Stimulus', 'Stimulus', 'Stimulus', 'Stimulus', 'Stimulus', 'Stimulus', 'Stimulus', 'Stimulus', 'Stimulus', 'Stimulus', 'Stimulus', 'Stimulus', 'Stimulus', 'Stimulus', 'Stimulus', 'Stimulus', 'Stimulus', 'Stimulus', 'Stimulus', 'Stimulus', 'Stimulus', 'Stimulus', 'Stimulus']	/data/p_01888/Databook_cleaning/EEG/coSMIC_all_P40.eeg		42856	/data/p_01888/Databook_cleaning/Video/Pilot_40/coSMIC_all_P40_C1.wmv		42854	/data/p_01888/Databook_cleaning/Video/Pilot_40/coSMIC_all_P40_C2.wmv		42856	/data/p_01888/Databook_cleaning/Video/Pilot_40/coSMIC_all_P40_C3.wmv		42856	/data/p_01888/Databook_cleaning/Video/Pilot_40/coSMIC_all_P40_C4.wmv
41	[0, 0, 0, 0, 0, 0, 0, 0, 0, 0, 0, 0, 0, 0, 0, 0, 0, 0, 0, 0, 0, 0, 0, 0, 0, 0, 0, 0, 0, 0, 0, 0, 0, 0, 0, 0, 0, 0, 0, 0, 0, 0, 0, 0, 0, 0]	['', 'ControlBox is not connected via USB', 'R128', 'S  2', 'S 13', 'S 10', 'S 11', 'S  4', 'S  5', 'S 91', 'S 43', 'S 71', 'S 44', 'S 90', 'S 41', 'S 70', 'S 42', 'S 93', 'S 47', 'S 73', 'S 48', 'S 92', 'S 45', 'S 72', 'S 46', 'S 95', 'S 51', 'S 75', 'S 52', 'S 94', 'S 49', 'S 74', 'S 50', 'S 81', 'S 20', 'S 83', 'S 21', 'S  4', 'S  5', 'S 82', 'S 22', 'S 84', 'S 23', 'S  4', 'S  5', 'R128']	[1, 2, 3, 4, 5, 6, 7, 8, 9, 10, 11, 12, 13, 14, 15, 16, 17, 18, 19, 20, 21, 22, 23, 24, 25, 26, 27, 28, 29, 30, 31, 32, 33, 34, 35, 36, 37, 38, 39, 40, 41, 42, 43, 44, 45, 46]	['01', '01', '02708', '029084', '031832', '059334', '062283', '0126574', '0197376', '0213110', '0269802', '0284802', '0290837', '0310846', '0319415', '0334438', '0340335', '0360336', '0368376', '0383396', '0390341', '0410350', '0417636', '0432647', '0438207', '0458215', '0465049', '0480056', '0485518', '0505529', '0513555', '0528567', '0533489', '0553491', '0705961', '0733455', '0738594', '0780261', '01018589', '01026925', '01191139', '01218641', '01220032', '01243090', '01244654', '01276845']	[1, 1, 1, 1, 1, 1, 1, 1, 1, 1, 1, 1, 1, 1, 1, 1, 1, 1, 1, 1, 1, 1, 1, 1, 1, 1, 1, 1, 1, 1, 1, 1, 1, 1, 1, 1, 1, 1, 1, 1, 1, 1, 1, 1, 1, 1]	['New Segment', 'Comment', 'Response', 'Stimulus', 'Stimulus', 'Stimulus', 'Stimulus', 'Stimulus', 'Stimulus', 'Stimulus', 'Stimulus', 'Stimulus', 'Stimulus', 'Stimulus', 'Stimulus', 'Stimulus', 'Stimulus', 'Stimulus', 'Stimulus', 'Stimulus', 'Stimulus', 'Stimulus', 'Stimulus', 'Stimulus', 'Stimulus', 'Stimulus', 'Stimulus', 'Stimulus', 'Stimulus', 'Stimulus', 'Stimulus', 'Stimulus', 'Stimulus', 'Stimulus', 'Stimulus', 'Stimulus', 'Stimulus', 'Stimulus', 'Stimulus', 'Stimulus', 'Stimulus', 'Stimulus', 'Stimulus', 'Stimulus', 'Stimulus', 'Response']	/data/p_01888/Databook_cleaning/EEG/coSMIC_all_P41.eeg		63706	/data/p_01888/Databook_cleaning/Video/Pilot_41/coSMIC_all_P41_C1.wmv		63705	/data/p_01888/Databook_cleaning/Video/Pilot_41/coSMIC_all_P41_C2.wmv		63704	/data/p_01888/Databook_cleaning/Video/Pilot_41/coSMIC_all_P41_C3.wmv		63706	/data/p_01888/Databook_cleaning/Video/Pilot_41/coSMIC_all_P41_C4.wmv
